"1","1","Premier Discounting Reconcillation","https://premdisc.fyiblue.com/premdiscui/login.do",,"Up","Down"
"2","2","Premier Discounting Modelling","https://premdisc.fyiblue.com/premdiscui/login.do",,"Up","Up"
"3","8","Provinq","http://provelig.fyiblue.com/provinq/login.do","ProviderNumber:53343","Up","Up"
"4","6","Premier Risk","https://premierrisk.fyiblue.com/risk/home.do","Proc/DiagCode:98940","Up","Up"
"5","5","ACES","https://aces-entry.fyiblue.com/paces_entry/login.do","Proc/DiagCode:98940","Up","Up"
"6","7","PTNP","http://p-ptnp-prd-app-1.hcscint.net:9080/providertermination/",,"Up","Up"
"7","3","UPP Web","http://pcr.fyiblue.com/upp/upp-login.do","ProviderNumber:0000000053343","Up","Up"
"8","9","NPI Crosswalk","http://npicrosswalk.fyiblue.com/premierproviderxwalkweb/","NPI:1144228578","Up","Up"
"9","4","Premier Pricing-Entry","http://pwausltlmapp19.fyiblue.com/entry/home.do","Proc/DiagCode:98940","Up","Up"
"10","4","Premier Pricing-Entry","http://pwausltlmapp20.fyiblue.com/entry/home.do","Proc/DiagCode:98940","Up","Up"
"11","4","Premier Pricing-Entry","http://pwausltlmapp21.fyiblue.com/entry/home.do","Proc/DiagCode:98940","Up","Up"
"12","4","Premier Pricing-Entry","http://pwausltlmapp22.fyiblue.com/entry/home.do","Proc/DiagCode:98940","Up","Up"
"13","4","Premier Pricing-Validation","http://pwausltlmapp19.fyiblue.com/validation/home.do","Proc/DiagCode:98940","Up","Up"
"14","4","Premier Pricing-Validation","http://pwausltlmapp20.fyiblue.com/validation/home.do","Proc/DiagCode:98940","Up","Up"
"15","4","Premier Pricing-Validation","http://pwausltlmapp21.fyiblue.com/validation/home.do","Proc/DiagCode:98940","Up","Up"
"16","4","Premier Pricing-Validation","http://pwausltlmapp22.fyiblue.com/validation/home.do","Proc/DiagCode:98940","Up","Up"
"17","4","Premier Pricing-Maintenance","http://pwausltlmapp19.fyiblue.com/maintenance/home.do","Proc/DiagCode:98940","Up","Up"
"18","4","Premier Pricing-Maintenance","http://pwausltlmapp20.fyiblue.com/maintenance/home.do","Proc/DiagCode:98940","Up","Up"
"19","4","Premier Pricing-Maintenance","http://pwausltlmapp21.fyiblue.com/maintenance/home.do","Proc/DiagCode:98940","Up","Up"
"20","4","Premier Pricing-Maintenance","http://pwausltlmapp22.fyiblue.com/maintenance/home.do","Proc/DiagCode:98940","Up","Up"
